size,mae,runtime
20,2.2122720572416257,115.53248333930969
40,1.6521860037720237,117.61865782737732
60,1.6896000576321089,147.87443447113037
80,1.6391899577943567,126.69247269630432
100,1.588732322609213,158.11409258842468
120,1.6146225653645676,129.872172832489
140,1.643666186453564,334.6299102306366
160,1.5912451493683801,188.1217348575592
180,1.6044067800723159,150.40125131607056
200,1.6091592088503652,193.03976678848267
