size,mae,runtime
20,2.256944483004342,115.33147144317627
40,2.0363222437084816,171.30038499832153
60,1.9461892658028683,118.63197135925293
80,2.010397654212081,122.89337611198425
100,1.936808899900952,142.1021854877472
120,1.9293653675932136,142.20539546012878
140,1.9345577579174307,150.31586718559265
160,1.9550859188004563,398.56156063079834
180,1.9248591278688985,172.6894974708557
200,1.9166309823394112,188.4404866695404
