size,mae,runtime
20,18.609177596421215,68.39108538627625
40,10.56247838413322,154.108704328537
60,5.375543828692005,396.1644582748413
80,21.337438068594146,576.0071861743927
100,9958.062523696477,815.7521302700043
120,79.01180694111885,1145.5645143985748
140,42.239613061335746,1443.8984129428864
160,3.9480434717607795,1950.7432217597961
180,1.9819770930718026,2473.326010465622
200,6.191168752681671,3084.5656621456146
