size,mae,runtime
20,1.9575125093854409,115.45075178146362
40,2.102251660778328,118.70214557647705
60,2.0596637963854474,119.06277060508728
80,2.038879127702909,122.63189435005188
100,1.9601359311386848,134.76988410949707
120,1.9910638150489708,151.208163022995
140,1.900372571254693,211.83112907409668
160,1.9090753921570498,1018.2969949245453
180,1.923103512793168,178.8717212677002
200,1.8937330587475698,195.67291259765625
