size,mae,runtime
20,1.846492700458722,0.04722738265991211
40,2.0322016836582577,0.2043933868408203
60,1.8615542216718726,0.8338892459869385
80,1.9765506933729524,1.9441196918487549
100,1.9372824880257227,4.209489822387695
120,1.9458008492601766,7.276325702667236
140,1.9918531052964101,17.40696620941162
160,1.9964241659517092,30.46782660484314
180,1.9731761254372422,87.37209868431091
200,1.9445013770967643,145.63325762748718
