size,mae,runtime
20,1.7530456995637183,115.26901268959045
40,1.7370823466910428,116.3563723564148
60,1.5870679612025704,121.84602427482605
80,1.6560800423973185,122.46944379806519
100,1.5763525280271327,134.73847341537476
120,1.5732490335971265,143.30027198791504
140,1.6064311646430136,138.8474428653717
160,1.6284343604361933,144.21189880371094
180,1.5969862247284878,150.94892716407776
200,1.599820163795498,197.82183122634888
