size,mae,runtime
20,1.705737720475916,3.1130564212799072
40,1.4058591583324613,12.306846141815186
60,4.82672723053019,34.270362854003906
80,4.029625579640206,75.53573226928711
100,1.5467404012893586,144.86139798164368
120,1.5397593053870913,261.6005177497864
140,2.396307883591037,428.41723370552063
160,6.197577179632145,649.7413332462311
180,2.1340413135430287,1020.8819041252136
200,2.292948347723558,1406.9131138324738
