size,mae,runtime
20,1.616671943734331,1.118847131729126
40,1.6504188722385218,39.09072279930115
60,1.8435092327611715,279.97805190086365
80,2.0260972991791397,567.8090267181396
100,1.873903736121025,1741.8633246421814
120,1.9484436996699843,3891.0818226337433
140,1.9575325747305916,13412.833679676056
160,1.9700820851415122,22116.255613088608
180,1.942470809434499,20018.707142591476
