size,mae,runtime
20,1.8284729833624298,116.53131246566772
40,1.5705859891560765,117.40293598175049
60,1.5591313425369784,134.31292152404785
80,1.5540469966376136,149.93184518814087
100,1.5072742189977089,168.77696466445923
120,1.5438966722537442,191.1555061340332
140,1.5292925535406217,210.40245246887207
160,1.5416230450246038,163.49890661239624
180,1.5430034057834074,177.6677167415619
200,1.5323569081273924,500.0699689388275
