size,mae,runtime
20,1.4399016478285405,118.88575601577759
40,0.970538740696618,116.79199719429016
60,0.7060879014777384,126.21480941772461
80,0.6856609793246471,119.62487530708313
100,0.6713006909676986,122.1434600353241
120,0.5452121922833364,120.12744116783142
140,0.43454556674009465,124.90796899795532
160,0.4118239770723829,128.20844960212708
180,0.3685816735608978,124.85963010787964
200,0.38697469825457015,133.21220445632935
