size,mae,runtime
20,1.4559075717656165,117.86858415603638
40,0.8701189483881521,116.2448582649231
60,0.8866188506757064,120.36507558822632
80,0.6035067943151156,119.26829862594604
100,0.6367212409961454,120.648264169693
120,0.5331491332962833,124.11785697937012
140,0.45931281316099165,123.40071225166321
160,0.4118968079512093,126.61512804031372
180,0.30898853873294835,126.18742227554321
200,0.3872424494514139,131.23196625709534
