size,mae,runtime
20,5.706306086254776,59.39786338806152
40,49.13274729910033,194.74229526519775
60,91.48358831243266,376.05339431762695
80,0.7402375444447614,674.4717824459076
100,0.6112252338136389,1100.0599527359009
120,0.577387856723717,1562.591314315796
140,0.5069340375981136,2102.4411561489105
160,0.5584851885051614,2751.9426238536835
180,0.6697022732801986,3683.3796241283417
200,0.38152933170805725,5079.236577272415
