size,mae,runtime
20,1.0326434649244913,117.09563136100769
40,0.8445034299201805,116.95555830001831
60,0.8323475055317171,119.00504398345947
80,0.7419121841022452,121.93496036529541
100,0.4971674312180942,121.69137954711914
120,0.46206325772534695,123.79656076431274
140,0.5136800034256482,127.84172248840332
160,0.30342545312922714,127.16007113456726
180,0.37846387426262146,131.4229872226715
200,0.3528516035062608,134.98885655403137
