size,mae,runtime
20,0.9528535058541227,0.6444849967956543
40,0.9260563620658889,4.223050594329834
60,0.7260759211134633,10.734131574630737
80,0.7459856970091095,26.33215856552124
100,0.465318907829982,82.95536255836487
120,0.5330480512287069,149.1181604862213
