size,mae,runtime
20,1.129454869915316,118.121328830719
40,0.8068639480426243,116.0335807800293
60,0.769021113585121,127.84514093399048
80,0.7120660435071975,117.51756525039673
100,0.5288851225768528,121.13835716247559
120,0.49891344592892284,122.59374594688416
140,0.45067697691971687,124.72487235069275
160,0.4197915010495119,122.89289975166321
180,0.3997361097911114,130.1238307952881
200,0.3258540479548531,130.28462171554565
