size,mae,runtime
20,3.4796497864311324,10.368778705596924
40,1.1424656437084182,41.79062080383301
60,0.7433776362189123,103.70313024520874
80,2.0138880996936472,190.56398034095764
100,1.8596643372232833,381.9542796611786
120,2.2926422881363595,615.1919078826904
140,1.2985400761125003,954.0829877853394
160,1.0616543991548468,1342.9946763515472
180,1.2535919089723075,2071.7809319496155
200,0.8408738162209302,2839.2093064785004
