size,mae,runtime
20,1.288660201359609,24.856833696365356
40,0.9745183540461599,1027.6047830581665
60,0.8918658031190623,4168.202660322189
80,0.7367510436020208,4684.589536905289
100,0.5711343338794964,16724.98484325409
120,0.517429154987789,46446.22348356247
120,0.5621333748358971,60333.52951979637
