size,mae,runtime
20,3.551165541956931,116.11071801185608
40,1.8209974027712215,117.46670055389404
60,0.7136703884039253,132.06668400764465
80,1.0261517336104002,146.9644877910614
100,0.6814957272161261,162.79981184005737
120,0.6010079816612385,186.04788732528687
140,0.5590338180275859,212.35146856307983
160,0.556269810227241,243.03744649887085
180,0.6390002453556901,272.8106737136841
200,0.6529966556970842,311.85815167427063
